{"cameraMode":{"drawMode":0,"name":"Shaded","section":"Shading Mode"},"sceneLighting":false,"audioPlay":false,"sceneViewState":{"showFog":true,"showMaterialUpdate":false,"showSkybox":false,"showFlares":true,"showImageEffects":true,"showParticleSystems":true},"in2DMode":false,"pivot":{"x":0.6312514543533325,"y":-0.42594826221466067,"z":-0.5684274435043335},"rotation":{"x":-0.049677833914756778,"y":0.9500160217285156,"z":-0.2048722207546234,"w":-0.23035359382629395},"size":2.429084539413452,"orthographic":false}